message,label,category
Congratulations! You won Rs.100000. Click here to claim your prize.,scam,Lottery Scam
You are the lucky winner of our cash draw. Send your bank details now.,scam,Lottery Scam
Claim your lottery reward before midnight using this link.,scam,Lottery Scam
Your mobile number has won a special prize. Call this number immediately.,scam,Lottery Scam
Winner selected! Pay a small processing fee to receive your money.,scam,Lottery Scam
Your bank account is blocked. Verify your password using this urgent link.,scam,Fake Bank
Security alert: confirm your bank OTP now to avoid account suspension.,scam,Fake Bank
Unusual bank activity detected. Click here and enter your card number.,scam,Fake Bank
Your online banking access will be disabled. Verify immediately.,scam,Fake Bank
Bank refund waiting. Send your account details to receive payment.,scam,Fake Bank
Your SIM will expire today. Pay the renewal fee immediately.,scam,SIM Expiry
Telecom notice: your number will be disconnected unless you verify now.,scam,SIM Expiry
SIM registration incomplete. Click this link to prevent service suspension.,scam,SIM Expiry
Your mobile service expires in two hours. Transfer the fee now.,scam,SIM Expiry
Update your SIM details and submit your OTP urgently.,scam,SIM Expiry
You have been selected for a work from home job. Pay registration fee.,scam,Fake Job
Easy online job available. Send your ID and bank details today.,scam,Fake Job
Earn daily income from home. Deposit money to activate your account.,scam,Fake Job
Job interview confirmed. Purchase the training package before attending.,scam,Fake Job
Remote assistant position available. Pay application charges now.,scam,Fake Job
Your parcel is on hold. Pay delivery charges through this link.,scam,Delivery Scam
Delivery failed. Verify your address and card details immediately.,scam,Delivery Scam
A package is waiting. Click here to schedule delivery and pay.,scam,Delivery Scam
Courier fee unpaid. Transfer money to release the parcel.,scam,Delivery Scam
Customs charge required for your delivery. Pay now.,scam,Delivery Scam
Instant loan approved. Send processing payment before release.,scam,Loan Scam
You qualify for a low interest loan. Share your bank PIN.,scam,Loan Scam
Loan offer expires today. Pay document fee immediately.,scam,Loan Scam
Guaranteed cash loan available without checks. Deposit first.,scam,Loan Scam
Credit approved. Verify your identity through this unknown link.,scam,Loan Scam
Your appointment is confirmed for tomorrow at 10.00 AM.,legitimate,Normal
Your electricity bill payment of Rs.2500 was successful.,legitimate,Normal
Your order has been shipped and will arrive on Monday.,legitimate,Normal
Reminder: university lecture starts at 9.00 AM in room B12.,legitimate,Normal
Thank you for your payment. Your official receipt is available in the app.,legitimate,Normal
Your verification code is 382914. Do not share this code.,legitimate,Normal
Your salary has been credited to your account.,legitimate,Normal
Your mobile data package has been activated successfully.,legitimate,Normal
Meeting moved to Friday at 2.30 PM.,legitimate,Normal
Your library book is due next week.,legitimate,Normal
The class assignment submission deadline is 25 August.,legitimate,Normal
Your bank card purchase at the supermarket was successful.,legitimate,Normal
Welcome to the service. Your account registration is complete.,legitimate,Normal
Your doctor appointment has been rescheduled to Tuesday.,legitimate,Normal
Package delivered successfully. Thank you for shopping with us.,legitimate,Normal
Your monthly mobile bill is now available in the official app.,legitimate,Normal
The password for your account was changed successfully.,legitimate,Normal
Your bus ticket booking is confirmed.,legitimate,Normal
Exam timetable has been published on the student portal.,legitimate,Normal
Your food order is being prepared.,legitimate,Normal
Your payment was declined. Please contact the official bank number.,legitimate,Normal
Your internet package will renew automatically tomorrow.,legitimate,Normal
The office will be closed on the public holiday.,legitimate,Normal
Your attendance has been marked for today's class.,legitimate,Normal
A new document was shared with you by your project supervisor.,legitimate,Normal
Your account login was successful from a known device.,legitimate,Normal
Your parcel tracking number is now active.,legitimate,Normal
Thank you for contacting customer support. Ticket number 1458.,legitimate,Normal
Your insurance policy renewal receipt has been issued.,legitimate,Normal
The team meeting begins in fifteen minutes.,legitimate,Normal
Final warning: your account will close unless you confirm details now.,scam,Fake Bank
You received a cash reward. Open the link and claim immediately.,scam,Lottery Scam
Your SIM card is invalid. Submit payment to reactivate it.,scam,SIM Expiry
Online job vacancy. Registration payment is required.,scam,Fake Job
A courier package needs a small release payment.,scam,Delivery Scam
Approved personal loan. Transfer insurance fee before payout.,scam,Loan Scam
Your account statement is ready in the official mobile banking app.,legitimate,Normal
Reminder to submit your coursework before midnight.,legitimate,Normal
Your cinema ticket purchase is confirmed.,legitimate,Normal
The network maintenance is scheduled for Sunday.,legitimate,Normal
Your refund has been processed through the official payment system.,legitimate,Normal
Class has been cancelled due to bad weather.,legitimate,Normal
